{"description":"multi element lens Focal length (mm) ","name":"2el.XXdeg.6.0mm","surfaces":[{"ior":1.649999976158142,"radius":8.039999961853027,"semi_aperture":1.5,"thickness":0.1800000071525574},{"ior":1.649999976158142,"radius":0,"semi_aperture":1.5,"thickness":0.1800000071525574},{"ior":1,"radius":-8.039999961853027,"semi_aperture":1.5,"thickness":0}],"metadata":{"focalLength":0.006,"fNumber":1.2}}