{
 "description": "equivalent lens poly",
 "name": "polynomial",
 "thickness": 3.2950145505,
 "planeoffset": 0.1,
 "polynomials": [
  {
   "wavelength_nm": 550,
   "circleRadii": 0.62,
   "circleSensitivities": -0.0847,
   "circlePlaneZ": 2.3347,
   "diaphragmIndex": 1,
   "diaphragmToCircleRadius": 1,
   "planes": {
    "input": -3.3950145505,
    "output": 0.1
   },
   "pupil_distances": 2.152392366552964,
   "pupilpos": 2.152392366552964,
   "pupilradii": 0.5715866138102702,
   "poly": [
    {
     "outputname": "outx",
     "coeff": [-0.06341305472744545,-5.787085876600682e-06,0.0004777555570294307,-0.5513178966193427,0.2375265128262098,-0.0001035734203119016,-1.719582744213215,0.004359276971678327,-0.0008828045025463724,-1.581502541463705,2.454943328103552,-0.02297571302981788,-0.0007498108252425861,-1.227941052917469e-05,3.918932064006619e-06,0.007470892702576086,-5.877896130378024,5.19348773206754,0.01842071895096511,-0.005279393022544706,-0.0004284346794640819,-1.176510974186861,10.12319877354724,0.1775945230444732,0.1410888709424978,-0.002679515369161744,7.065863676444261e-05,0.0001685231587506045,1.973596875742109e-05,-10.8084381979608,0.05351458204082166,0.00211015649369951,-5.404287057095298,21.98201722681994,0.1984692497293602,0.04468853904602869,-0.006555284622152902,-0.002056749092575738,0.6358333518008612,18.56834630353836,0.3011155593824533,-0.6790937113711157,-0.01524798983108941,-0.005209286068859754,0.0005847286891773427,8.163816999197759e-05,-0.01707360934657315,-5.374952113983697,13.43674939054609,0.0719164595578077,-0.0003648432073971328,0.0007024048389186286,2.331627547579455,27.99230119726609,-0.4913982535702036,-0.9365513341478897,0.0432231994583915,0.0003607542930509719,-0.002681392512073551,0.0001003545221853613,-1.947948256489297,10.97547455341634,-0.3700979136108244,-0.9396814325310663,0.01863953654445712,2.50009398109485,-0.005155839623369662,-0.001640699105011911,-3.705131524593782e-05],
     "termr": [5,5,4,4,4,4,3,3,3,3,3,3,3,3,3,2,2,2,2,2,2,2,2,2,2,2,2,2,2,1,1,1,1,1,1,1,1,1,1,1,1,1,1,1,1,1,0,0,0,0,0,0,0,0,0,0,0,0,0,0,0,0,0,0,0,0,0,0,0],
     "termu": [1,0,2,1,1,0,3,2,2,1,1,1,0,0,0,4,3,3,2,2,2,1,1,1,1,0,0,0,0,5,4,4,3,3,3,2,2,2,1,1,1,1,1,0,0,0,6,5,5,4,4,4,3,3,3,3,2,2,2,2,1,1,1,1,1,1,0,0,0],
     "termv": [0,1,0,1,0,2,0,1,0,2,1,0,3,2,1,0,1,0,2,1,0,3,2,1,0,4,3,2,1,0,1,0,2,1,0,3,2,1,4,3,2,1,0,5,3,2,0,1,0,2,1,0,3,2,1,0,4,3,2,1,5,4,3,2,1,0,6,5,4]
    },
    {
     "outputname": "outy",
     "coeff": [-0.3295187501881125,0.0003755553351099201,-2.771062358640171,1.264847469318033,-0.5384180924261326,0.004641879906692901,-0.0006336484461239805,-14.78529173867122,5.643517507218445,-2.1425429595697,-0.0003037094090410075,-3.841608543664718,1.750820581258724,0.02410716147098093,-0.006863512087497846,-0.0004867245840978476,-58.77688792857495,6.768550090454837,-7.786061441438663,1.666252304270608,-7.886108727263332,-0.003355037693237926,-0.001538934905304854,-14.47397450054193,8.007608061551473,-1.071938618071851,0.06919819626345979,-0.02594047569086797,-0.004020617917041513,-145.2599462100824,-3.649096646932537,-8.716763478973631,4.288738175790977,-0.3586728380784211,-0.01595540563704248,-34.2355501368812,4.159111465399273,-0.005027885776844861,-0.004978453193671233,0.0009393225749232309,-29.39340876527559,18.37260298112061,-0.2163137392630881,0.2931971204226544,0.1236303606956929,-0.02188828539395082,-0.002233587662766299,0.00153521381020513,0.0001011365023209001,-190.2808434287709,-10.59190272597123,2.413609094915596,3.764248983685664,-0.426924613516847,0.5323571391872086,-16.21513564929354,0.0003480545776073734,0.007660993972280137,-34.52830269711055,13.03693528291492,1.788610138656704,0.003047546132778263,-0.005026435346954087,-0.0008752497750302013,-0.0005011673195884973,-31.22413975727669,11.75054724348547,0.6313311051032814,-0.3800495541802187,-0.0810631556236157,0.09109789130229951,-0.002563288958774043,-0.003296084250504408,0.0003559842614056406,-102.2495252949518,-5.011659867219092,6.943033013487671,1.227478658763807,-0.2829636475159849,2.474922941139194,0.001196333275820746],
     "termr": [6,5,5,5,4,4,4,4,4,4,3,3,3,3,3,3,3,3,3,3,2,2,2,2,2,2,2,2,2,2,2,2,2,2,1,1,1,1,1,1,1,1,1,1,1,1,1,1,1,1,1,1,1,1,1,0,0,0,0,0,0,0,0,0,0,0,0,0,0,0,0,0,0,0,0,0,0,0,0,0,0],
     "termu": [0,1,0,0,2,1,1,0,0,0,3,2,2,1,1,1,0,0,0,0,4,3,3,2,2,2,1,1,1,0,0,0,0,0,5,4,4,3,3,3,2,2,2,2,1,1,1,1,1,0,0,0,0,0,0,6,5,5,4,4,4,3,3,3,3,2,2,2,2,2,1,1,1,1,0,0,0,0,0,0,0],
     "termv": [0,0,1,0,0,1,0,2,1,0,0,1,0,2,1,0,3,2,1,0,0,1,0,2,1,0,3,2,1,4,3,2,1,0,0,1,0,2,1,0,3,2,1,0,4,3,2,1,0,5,4,3,2,1,0,0,1,0,2,1,0,3,2,1,0,4,3,2,1,0,5,4,3,2,6,5,4,3,2,1,0]
    },
    {
     "outputname": "outz",
     "coeff": 4.605014999999997,
     "termr": 0,
     "termu": 0,
     "termv": 0
    },
    {
     "outputname": "outu",
     "coeff": [-0.03286554637626161,-6.365711930672148e-06,0.0003566989130067398,-0.2960267531031062,0.1300313408811563,-0.0001002732312527856,6.550267534775845e-06,-1.264920613793216,0.003078067906558649,-0.0007719182206810946,-0.2720486822428332,1.971728017960365,0.1495054051435306,-0.0006115759484462923,0.0001157349159253057,1.711172916269392e-05,0.00593020837538047,-3.039744654796277,4.589700875890842,0.01192464229106267,-0.005229783274493876,-0.0004166077755961159,3.785322443041434,9.772949649645733,0.8357721827092688,-0.1350399490543649,-0.001848500454674245,0.0007749230250517536,0.0002552493558871667,1.733799475433446e-05,-11.7162420069197,0.04418406149688656,0.002421864556376119,2.470736733253116,21.02195832659804,0.8463503716830412,0.02847594557755503,-0.008124373719271142,-0.00175400251540676,10.2919702742178,18.37979372637009,0.8445539734422062,-0.7849163747879998,-0.02594376894693782,-0.0034377845814222,0.001419899922558549,0.0007535672724166166,7.441713533829025e-05,-0.01364605805487979,-6.63883270782595,14.38563860332543,0.06150617828570035,0.001506974368504162,0.0005416380982431087,7.607659733053412,25.46920804202249,0.1243471309651511,-1.029386205644658,0.02802791291640827,-0.002269238318248216,-0.002188921423380651,5.466571110559015e-05,5.750206585267036,10.71704668735785,-0.3360287926483865,-0.925222512681441,0.002871971512548306,0.02123343886950808,-0.003966723064485054,-0.0007589578913116238,5.561789110533588e-05],
     "termr": [5,5,4,4,4,4,4,3,3,3,3,3,3,3,3,3,2,2,2,2,2,2,2,2,2,2,2,2,2,2,1,1,1,1,1,1,1,1,1,1,1,1,1,1,1,1,1,1,0,0,0,0,0,0,0,0,0,0,0,0,0,0,0,0,0,0,0,0,0,0,0],
     "termu": [1,0,2,1,1,0,0,3,2,2,1,1,1,0,0,0,4,3,3,2,2,2,1,1,1,1,0,0,0,0,5,4,4,3,3,3,2,2,2,1,1,1,1,1,0,0,0,0,6,5,5,4,4,4,3,3,3,3,2,2,2,2,1,1,1,1,1,1,0,0,0],
     "termv": [0,1,0,1,0,2,1,0,1,0,2,1,0,3,2,1,0,1,0,2,1,0,3,2,1,0,4,3,2,1,0,1,0,2,1,0,3,2,1,4,3,2,1,0,5,4,3,2,0,1,0,2,1,0,3,2,1,0,4,3,2,1,5,4,3,2,1,0,6,5,4]
    },
    {
     "outputname": "outv",