{
 "description": "equivalent lens poly",
 "name": "polynomial",
 "thickness": 1.9224,
 "planeoffset": 0.1,
 "polynomials": [
  {
   "wavelength_nm": 550,
   "circleRadii": [1.27,1.35,10],
   "circleSensitivities": [-1.6628,0.8298,-15.6821],
   "circlePlaneZ": 3,
   "diaphragmIndex": 0,
   "diaphragmToCircleRadius": 4.233333333333333,
   "pupil_distances": [1.126633618747183,17.62632197414806,0.1798334742028881],
   "pupilpos": [1.126633618747183,17.62632197414806,0.1798334742028881],
   "pupilradii": [0.476941565269641,7.931844888366627,0.5994449140096272],
   "poly": [
    {
     "outputname": "outx",
     "coeff": [0.1160560849794594,-0.1126863938095404,-0.06345106890017169,0.8160248037502764,0.03413725571770009,0.0712263421072783,-1.499496317151547,-0.01484899638797684,-1.628622499165237,-0.2291839943336053,-0.7704434391500858,1.885069501180765,4.07434876420694,0.0119490536087128,0.862936845104191,2.131939530744892,0.02553896318090772,0.8435765027646421,1.978459237762987],
     "termr": [4,3,3,2,2,2,1,1,1,1,1,0,0,0,0,0,0,0,0],
     "termu": [1,1,1,1,1,1,3,3,1,1,1,5,3,3,3,1,1,1,1],
     "termv": [0,1,0,2,1,0,1,0,3,2,1,0,2,1,0,4,3,2,0]
    },
    {
     "outputname": "outy",
     "coeff": [0.0361383438403278,0.5583724133081684,0.02838257296639402,0.2300121918868675,0.4190982228277577,0.06487590388861067,0.02307432442376088,0.9249843628859991,-0.09064972863864394,2.028829354739921,-0.1688797874560176,-0.08067998270964544,-1.910653295700515,-0.2565510729959229,-0.4391426664243971,-1.975935765770865,-0.5892844939511223,-1.202230153979035,0.03939168160143772,0.5056773611735019,2.004030985936764,4.150920735711892,0.01446267591473859,0.8543357586989087,2.120136989168397,0.02579170029873369,0.8542447367322933,1.977540245828588],
     "termr": [5,4,4,3,3,3,3,2,2,2,2,1,1,1,1,1,1,1,1,1,0,0,0,0,0,0,0,0],
     "termu": [0,0,0,2,0,0,0,2,2,0,0,4,2,2,2,0,0,0,0,0,4,2,2,2,0,0,0,0],
     "termv": [0,1,0,0,2,1,0,1,0,3,2,0,2,1,0,4,3,2,1,0,1,3,2,1,5,4,3,1]
    },
    {
     "outputname": "outu",
     "coeff": [0.03288290788351295,0.02919629831652077,0.1439866524871865,0.244243090185423,-0.02546328168725442,-0.04451209316801155,0.165486611360082,0.2021516415051814,-0.01410904703909262,0.139123335794652,0.4577416768797283,0.9307182393680532,0.004200372322744267,0.1778615589522682,0.4693575995613055,0.0002151904886463181,0.1768843925150752,0.6842372153452204],
     "termr": [4,3,2,2,2,2,1,1,1,1,0,0,0,0,0,0,0,0],
     "termu": [1,1,3,1,1,1,3,1,1,1,5,3,3,3,1,1,1,1],
     "termv": [0,1,0,2,1,0,1,3,2,1,0,2,1,0,4,3,2,0]
    },
    {
     "outputname": "outv",
     "coeff": [0.1022173548054447,0.0241304367461134,0.03316666653456148,0.08162446130724808,0.001314474418242247,0.005412391018982459,0.1858249460501508,0.002916175192654153,0.2335456676698952,-0.05170364601381696,-0.1128891908740614,0.2333061143156321,0.6803956210170444,-0.003173607783725744,0.04469959067927179,0.4519694021078554,0.003253230439652885,0.1855118740173224,-0.3308446800227627,0.4184329844702651,0.8696602362043169,0.1830314727598511,0.4440660611497192,0.1800827589070919,0.6841506046020229],
     "termr": [4,4,3,3,3,3,2,2,2,2,2,1,1,1,1,1,1,1,1,0,0,0,0,0,0],
     "termu": [0,0,2,0,0,0,2,2,0,0,0,4,2,2,2,0,0,0,0,4,2,2,0,0,0],
     "termv": [1,0,0,2,1,0,1,0,3,2,1,0,2,1,0,4,3,2,0,1,3,1,5,3,1]
    }
   ]
  }
 ]
}